Name,Description,Price
Flat in New Delhi,Apartment for day-dreamers,"₹2,682 per night"
Hotel room in New Delhi,A Bright & Cozy Modern Room in a Shared Space,"₹2,490 per night"
Room in New Delhi,"StrawberryFields:double bed, gk2","₹2,689 per night"
Room in New Delhi,"Room 1,budget double bed Def Col ,couple friendly","₹2,251 per night"
Room in New Delhi,"Sunny, Airy, Huge Room & Balcony - 1 min frm Metro","₹2,625 per night"
Room in New Delhi,SouthDelhi/Star Location/Comfy Stay/2MinWalk Metro,"₹2,182 per night"
Home in New Delhi,Studio Room,"₹1,129 per night"
Flat in New Delhi,Boutique Cozy Chic Studio@Hauz Khas Village,"₹3,652 per night"
Room in New Delhi,"HereComestheSun: double bed,gk2!","₹2,573 per night"
Hotel room in New Delhi,Private Room near New Delhi Station & City Centre,"₹1,563 per night"
Place to stay in New Delhi,Couple-friendly + southdelhi +Moolchand metro 2,"₹1,726 per night"
Flat in New Delhi,Sunroom studio suite,"₹2,100 per night, originally ₹2,321"
Room in New Delhi,SARAI KHAAS 4 @ Hauz Khas Village,"₹3,333 per night"
Place to stay in New Delhi,Sky High Room8 with park facing balcony & parking,"₹1,294 per night"
Room in New Delhi,Puru boutique house,"₹2,670 per night"
Room in Delhi,Fully equipped ultra Clean house,"₹1,141 per night"
Flat in Delhi,Boho Delhi by Cajun Utopia,"₹3,962 per night, originally ₹4,648"
Flat in New Delhi,Naturally Lit Sunshine Apartment,"₹953 per night, originally ₹1,040"
Flat in New Delhi,Studio located in the SAFEST part of town.,"₹1,615 per night"
Flat in New Delhi,Clean | Private | Smart TV | AC & Wi-Fi,"₹2,365 per night"
Hotel in New Delhi,charming AC rooms at affordable prices near metro,"₹1,437 per night"
Home in New Delhi,"The Terrace Penthouse, 
exclusive Lutyens Delhi","₹9,347 per night"
Flat in New Delhi,Casa Paradise @hkv,"₹5,706 per night"
Home in New Delhi,Studio Room,"₹1,129 per night"
Hotel room in New Delhi,Private room nr City Centre &New Delhi Railway stn,"₹1,472 per night"
Flat in New Delhi,Naturally Lit Sunshine Apartment,"₹953 per night, originally ₹1,040"
Room in New Delhi,Beautiful Deluxe Room in Saket,"₹3,435 per night"
Room in Delhi,Ultra clean homely stay,"₹1,027 per night, originally ₹1,127"
Place to stay in New Delhi,Village Residency 3 @ HKV,"₹4,802 per night"
Flat in New Delhi,Fully furnished 1BHK,"₹2,568 per night, originally ₹2,956"
Room in Delhi,Solo traveler's paradise | centrally located,"₹1,255 per night"
Room in New Delhi,"Yellow Submarine: double bed,gk2","₹2,573 per night"
Place to stay in New Delhi,Couple-friendly + southdelhi +Moolchand metro 2,"₹1,726 per night"
Room in New Delhi,Puru boutique house,"₹2,670 per night"
Loft in New Delhi,Terrace Room wt Gazebo @ Green Park Hauz Khaz Vill,"₹3,663 per night"
Room in New Delhi,"Private Room near New Delhi Stn ,City Centre & VFS","₹1,472 per night"
Flat in New Delhi,3BD WOW!so quiet yet so convenient. 3 min to metro,"₹7,002 per night"
Place to stay in New Delhi,TRTL@JungleMeiMangal,"₹1,027 per night"
Flat in Delhi,Boho Delhi by Cajun Utopia,"₹3,962 per night, originally ₹4,648"
Flat in Gurugram,Glamorous Studio Apartment Near Paras Hospital,"₹2,156 per night"
Room in Gurugram,Private Room with balcony at Bagichi House,₹950 per night
Farm stay in New Delhi,The barn - A Farm Cottage,"₹7,303 per night"
Shared room in New Delhi,Sunny Room with Green View BED 2,"₹2,054 per night"
Flat in Gurugram,Stylish 1 BHK Serviced Apartment Near Cyber Hub,"₹2,859 per night"
Bed and breakfast in New Delhi,Gracious by Vishesh Hotels & Home Stay Listing 3,"₹2,511 per night"
Hotel room in New Delhi,"Private Room near New Delhi Stn ,VFS & City Centre","₹1,573 per night"
Room in New Delhi,"HereComestheSun: double bed,gk2!","₹2,573 per night"
Flat in New Delhi,Harphool Nivas 2 @Hauz Khas Village,"₹6,276 per night"
Room in New Delhi,Super Luxury Suite Room Near C.P. / India Gate,"₹2,738 per night"
Room in New Delhi,Gulmohar Park House with view,"₹1,369 per night"
Apartment in New Delhi,Living by the Greens (First Floor),"₹3,378 per night"
Place to stay in New Delhi,Blossom Retreat BR w/Soft Bed|Living|Kitchen|Patio,"₹2,761 per night"
Room in Delhi,Fully equipped ultra Clean house,"₹1,141 per night"
Room in New Delhi,SARAI KHAAS 4 @ Hauz Khas Village,"₹3,333 per night"
Bed and breakfast in Mahipal Pur,Gracious by Vishesh Hotels & Home Stay-2,"₹2,439 per night"
Hotel in Pitam Pura,classy interior Air conditioner room near metro st,"₹1,437 per night"
Flat in Mahipal Pur,"Safe & private, Tokyo studio, Vasant Kunj E2 ॐ","₹2,813 per night"
Place to stay in Mahrauli,Jasmine Room 3 (Couple Friendly),"₹1,598 per night"
Flat in Hauz Khas,Santorini 1 @Hkv,"₹7,418 per night"
Apartment in Jangpura,A fully furnished rooftop studio apartment,"₹2,924 per night"
Room in Mahrauli,“The suite 22” ultra spacious modern studio,"₹1,848 per night"
Hotel in Mahipal Pur,Transit Stay 3 Star Hotel Near igi Airport Delhi,"₹2,281 per night, originally ₹2,781"
Flat in Hauz Khas,Beautiful Luxury Cozy Residency,"₹2,043 per night"
Hotel room in Hauz Khas,Standard AC Room with External Adjacent Bathroom,"₹1,598 per night"
Room in Mahipal Pur,Blessings Homestay Near Airport,"₹1,999 per night, originally ₹2,499"
Flat in Hauz Khas,Maharaja Manor -Hidden Gem Delhi,"₹6,847 per night"
Place to stay in Mahrauli,Room 1:-Beautiful room With terrace access,"₹1,140 per night"
Room in Kalkaji,King Deluxe Room with Attached Blacony,"₹1,999 per night, originally ₹2,499"
Holiday home in Hauz Khas,Santorini 2 with couple jaccuzi,"₹8,558 per night"
Place to stay in Saket,BedChambers Deluxe Room in Saket,"₹4,336 per night"
Room in Subhash Nagar,Cozy Nest in West Delhi,"₹1,318 per night"
Flat in Mahrauli,Four poster bed with White Flowing Chiffon Curtain,"₹3,024 per night"
Flat in New Delhi,1 BHK furnished AC/Hi speed Wi-Fi/washing machine.,"₹1,210 per night, originally ₹1,471"
Room in New Delhi,5-Private room with attach bath+A.C.+2min to metro,"₹805 per night, originally ₹930"
Flat in New Delhi,Heritage Apt 3@ Hauz Khas Village,"₹5,021 per night"
Room in Noida,HomeStay Premium for Professionals,"₹1,715 per night"
Home in New Delhi,Duchatti@haveli loft in Green Park,"₹3,766 per night"
Flat in New Delhi,One Bedroom independent apartment in South Delhi,"₹930 per night, originally ₹1,016"
Flat in New Delhi,1BHK Furnished Apt w/ Kitchen Utensil AC TV Fridge,"₹1,555 per night"
Hotel in New Delhi,AC rooms attached washroom A comfortable  unit,"₹1,425 per night"
Flat in New Delhi,amaltas,"₹6,276 per night"
Guest house in New Delhi,Khirkee Nest - Uber Designer Studio,"₹1,980 per night"
Flat in New Delhi,Candid 1bhk in South Delhi,"₹2,317 per night"
Room in New Delhi,Yellow Room In Shared Apart,"₹2,490 per night"
Room in New Delhi,"Imagine: big comfy bedroom, gk2","₹2,886 per night"
Flat in New Delhi,15 minutes to Airport: Minimalistic Studio Aptt.,"₹2,289 per night"
Flat in New Delhi,"Experience cosy New York studio, Vasant kunj","₹2,873 per night"
Room in New Delhi,The Van Gogh House in Delhi,"₹1,883 per night, originally ₹2,084"
Room in Delhi,Private Room near DU,"₹1,369 per night"
Room in New Delhi,Art Nest! (B'Fast+Books+AC+Wi-Fi),"₹1,695 per night"
Guest house in New Delhi,Khirkee Nest - Uber Designer Studio,"₹1,980 per night"
Flat in New Delhi,Candid 1bhk in South Delhi,"₹2,317 per night"
Room in New Delhi,Yellow Room In Shared Apart,"₹2,490 per night"
Room in New Delhi,"Imagine: big comfy bedroom, gk2","₹2,886 per night"
Flat in New Delhi,15 minutes to Airport: Minimalistic Studio Aptt.,"₹2,289 per night"
Flat in New Delhi,"Experience cosy New York studio, Vasant kunj","₹2,873 per night"
Room in New Delhi,The Van Gogh House in Delhi,"₹1,883 per night, originally ₹2,084"
Room in Delhi,Private Room near DU,"₹1,369 per night"
Room in New Delhi,Art Nest! (B'Fast+Books+AC+Wi-Fi),"₹1,695 per night"
Room in New Delhi,1RK + Balcony - convenient long stays,"₹1,150 per night"
Apartment in New Delhi,Cineplex Galaxy- One of a kind movie experience,"₹3,150 per night"
Room in Gurugram,Private Room with Terrace at Bagichi House,"₹1,300 per night"
Hotel in Delhi,Fully furnished AC Rooms with classy washroom.,"₹1,494 per night"
Room in New Delhi,South Delhi Room -Central Location,"₹3,994 per night"
Room in New Delhi,Deer park nest Room in a apartment,"₹3,127 per night"
Apartment in New Delhi,Royal suite (1) fort view with private balcony,"₹4,565 per night"
Room in New Delhi,The suite 21,"₹1,889 per night"
Hut in IN,"Insta-Worthy, Private cottage with lush-green view","₹5,364 per night"
Room in Greater Noida,Park View Single Room,"₹1,087 per night"
Hotel in New Delhi,Seperate Air Conditioner Bedroom with Washroom,"₹1,437 per night"
Apartment in New Delhi,2 Bedroom Apartment in Central Delhi,"₹3,399 per night"
Room in New Delhi,place where you feel like home,"₹2,509 per night"
Place to stay in New Delhi,Private Ensuite South Delhi with Indian Breakfast,"₹1,669 per night"
Flat in New Delhi,Step into the warm vibes,"₹1,864 per night"
Room in Noida,Roohaani,"₹1,141 per night"
Home in Delhi,Amazing 3BHK in Punjabi Bagh,"₹10,400 per night, originally ₹17,603"
Flat in New Delhi,Mayank Austen Soofi's Attic : 1 BHK Private Apt,"₹5,124 per night"
Home in New Delhi,Big Terrace  with a Beautiful Bedroom,"₹5,055 per night"
Place to stay in New Delhi,Room 2:-Lush green view with Balcony,"₹1,438 per night"
Flat in New Delhi,"2-Bedroom floor in South Delhi , GK 1 - 2nd floor","₹4,006 per night"
Room in New Delhi,Boho Haven Room In Shared Aprt,"₹2,650 per night"
Room in Delhi,The silence in the city (free Wi-Fi),"₹2,511 per night"
Room in New Delhi,Green Park. AIIMS. Hauz khas. INA,"₹2,511 per night"
Hostel in New Delhi,Zostel Delhi | Deluxe Private Room,"₹2,699 per night"
Room in New Delhi,"Pippin: small, cute, comfy, gk1, fully serviced!","₹2,182 per night"
Room in New Delhi,~NEW~ Cozy Stay in South Delhi w/ Private Bathroom,"₹2,625 per night"
Flat in New Delhi,2BHK Studio Apartment,"₹2,689 per night"
Apartment in New Delhi,"Oneness 101 Home stay,
Near CP, Red Fort","₹1,203 per night"
Apartment in New Delhi,Apnalaya - Luxurious apartment in South Delhi,"₹5,717 per night"
Home in New Delhi,"StayVista at Indraj Manor w/ BBQ, Lawn, Bonfire","₹24,000 per night"
Flat in New Delhi,"Safe & private, Tokyo studio, Vasant Kunj E2 ॐ","₹2,813 per night"
Room in New Delhi,The suite 21,"₹1,889 per night"
Room in New Delhi,"A Sunny Space in Defence Colony, New Delhi.","₹2,861 per night"
Room in Delhi,Charming B&B located in South Delhi,"₹3,195 per night"
Room in New Delhi,South Delhi Home with Beautiful Terrace: 3,"₹3,652 per night"
Room in New Delhi,"Imagine: big comfy bedroom, gk2","₹2,886 per night"
Apartment in New Delhi,Living By The Greens (Ground Floor),"₹3,377 per night"
Room in Delhi,Space,"₹1,141 per night"
Flat in New Delhi,Spacious 1BHK Prime Location w/ 2 restrooms (5),"₹3,515 per night"
Place to stay in New Delhi,Beautiful R6om with attached balcony,"₹1,037 per night, originally ₹1,209"
Loft in New Delhi,Rétro LOFT,"₹4,444 per night"
Flat in New Delhi,CP  - Charm - Garden 24/7 Security,"₹5,991 per night"
Flat in New Delhi,Designer 2 bedroom apartment,"₹7,948 per night"
Room in New Delhi,The Van Gogh House in Delhi,"₹1,883 per night, originally ₹2,084"
Room in New Delhi,Studio Apartment I- Stay with Manica,"₹4,021 per night"
Room in New Delhi,"Unwind, Read, Relax, Love Delhi","₹3,332 per night"
Apartment in New Delhi,Lovely 1 bedroom apartment in South Delhi With AC,"₹1,067 per night"
Room in New Delhi,Your own little space : ),"₹1,849 per night"
Place to stay in New Delhi,The Barn - Classic,"₹8,330 per night"
Hotel room in New Delhi,"Private Room nr New Delhi stn, City Centre & VFS","₹1,472 per night"
Room in New Delhi,Oasis B&B Central Delhi,"₹5,705 per night"
Apartment in New Delhi,"(TF) Entire Indpndnt Private 2 BHK Flat,Nr Airport","₹1,499 per night"
Flat in New Delhi,"27 residensia , 1800 sqft apartment","₹8,445 per night"
Room in New Delhi,sanjay puris room  two,"₹5,021 per night"
Room in Delhi,Goel's Nest,"₹1,825 per night"
Flat in New Delhi,Cozy Roof Top Nook @ Kochar's Paradise,"₹2,395 per night"
Farm stay in New Delhi,The Barn - A farm cottage by the horses,"₹7,303 per night"
Home in New Delhi,Full service apartment. A home away from home,"₹2,408 per night"
Guest suite in Gurgaon,Private Studio ❶ @DLF Phase-1 (A-30/1),"₹2,795 per night"
Room in New Delhi,Grand Sunset Condos - II,"₹1,895 per night"
Flat in Delhi,#Tranquil Home- 1BHK/NearMetro/WFH/Kitchen/Brkfast,"₹1,997 per night"
Place to stay in New Delhi,Sky High Room8 with park facing balcony & parking,"₹1,294 per night"
Room in New Delhi,Grand Sunset Condos - II,"₹1,895 per night"
Flat in New Delhi,Comfortable HomeStay with Yoga room and Breakfast,"₹1,745 per night"
Flat in Delhi,#Tranquil Home- 1BHK/NearMetro/WFH/Kitchen/Brkfast,"₹1,997 per night"
Place to stay in New Delhi,Sky High Room8 with park facing balcony & parking,"₹1,294 per night"
Room in Delhi,Charming B&B located in South Delhi,"₹3,195 per night"
Room in New Delhi,Sakri Gumti,"₹3,652 per night, originally ₹4,452"
Room in Gurugram,Rooftop Patio with private Jacuzzi @Maison42,"₹7,900 per night"
Flat in Gurugram,Sector 45: Studio Apt #106 (no airbnb fee),"₹1,213 per night"
Room in New Delhi,"Elegant, centrally-located South Delhi apt Room 2","₹3,366 per night"
Flat in New Delhi,Aircon - CP 24/7 Security - Charm - Balcony,"₹5,534 per night"
Apartment in New Delhi,2 bedroom designer home in GK1,"₹6,578 per night"
Apartment in New Delhi,Comfortable Studio Apartment IGI Airport Dwarka,"₹1,997 per night"
Room in New Delhi,Anuraag's PurnTosh Air,"₹2,459 per night"
Room in Delhi,"Pvt Room for Girls, apartments,1 min walk to metro","₹1,369 per night"
Room in New Delhi,Urban Oasis: 2BR Flat Kalkaji DL,"₹1,098 per night, originally ₹1,338"
Flat in New Delhi,Boutique Comfy Apt,"₹3,081 per night"
Apartment in Delhi,"Spacious room attach bath, terrace garden, balcony","₹1,246 per night"
Apartment in New Delhi,Living By The Greens (Ground Floor),"₹3,377 per night"
Apartment in New Delhi,"Oneness 101 Home stay,
Near CP, Red Fort","₹1,203 per night"
Place to stay in New Delhi,Beautiful R6om with attached balcony,"₹1,037 per night, originally ₹1,209"
Place to stay in Gurugram,Sweetroom with Jacuzzi w/open terrace w/fountain,"₹6,870 per night, originally ₹7,853"
Room in New Delhi,Double Bed with Breakfast in Delhi,"₹2,511 per night"
Place to stay in New Delhi,Heaven Drops Room w/t Private Balcony near Airport,"₹2,513 per night"
Place to stay in New Delhi,Green Theme Room w/t Private Balcony near Airport,"₹2,516 per night"
Room in New Delhi,Eclectic room located in Greater Kailash 1,"₹2,853 per night"
Flat in New Delhi,Enbliss: Apartment in a Bungalow in South Delhi,"₹4,231 per night"
Room in New Delhi,Green Hut___a Rooftop garden.,"₹2,282 per night"
Apartment in New Delhi,"Bali Studio, Vasant Kunj, near airport, malls. ॐ","₹2,981 per night"
Flat in New Delhi,Harphool Nivas 1 @Hauz Khas Village,"₹6,278 per night"
Apartment in New Delhi,Luxury Jacuzzi Spa Tub 1BHK Suite South Delhi (11),"₹5,865 per night, originally ₹6,900"
Apartment in New Delhi,Sunrise homes,"₹3,533 per night"
Apartment in New Delhi,La Floraison-Solo/Couple-Hauz khas/AIIMS/IIT,"₹4,001 per night"
Home in New Delhi,Private Apartment in front of metro station,"₹1,769 per night"
Flat in New Delhi,Boutique Indian Apartment on First (Upper) Floor,"₹3,081 per night"
Apartment in Gurugram,Chic Apartment|WiFi|Fire TV Stick|Kitchenette,"₹2,852 per night"
Room in New Delhi,Near Railway Station-pragati Maidan- akshardham,"₹1,694 per night"
Flat in New Delhi,Cozy Cute Love Nest in South Delhi,"₹1,051 per night"
Flat in New Delhi,Santorini 3 @hkv,"₹5,706 per night"
Room in New Delhi,Pvt Room near Saket Malviya Nagar Max Hospital.,"₹1,506 per night"
Room in Delhi,"Huge room with Balcony, 5min walk from metro","₹2,509 per night"
Flat in New Delhi,monthly studio apartment,"₹1,426 per night"
Place to stay in New Delhi,peaceful room janakpuri ext.,"₹1,461 per night, originally ₹1,781"
Room in New Delhi,Anuraag's PurnTosh Woods,"₹2,974 per night"
Flat in Gurugram,"Nova 1BHK Suite-Kitchen, Balcony, Wifi & Parking","₹2,990 per night, originally ₹5,980"
Flat in New Delhi,CP  - Charm - Garden 24/7 Security,"₹5,991 per night"
Room in New Delhi,Nice room for two in South Delhi,"₹2,339 per night"
Flat in New Delhi,The Fort View Apartment (Private apartment),"₹3,766 per night"
Room in New Delhi,Pleasant & Peaceful Stay in New Delhi.,"₹1,998 per night"
Apartment in New Delhi,Cozy Apartment in South Delhi- Prime Location,"₹3,422 per night"
Room in New Delhi,Spacious Bedroom with Terrace garden 2,"₹1,484 per night"
Room in New Delhi,•Vibin Private Room & Balcony•,"₹2,171 per night"
Room in New Delhi,Your Homey Corner in Our Place.,"₹2,537 per night"
Hut in New Delhi,Luxurious  Cottage with adjoining Swimming Pool,"₹5,313 per night"
Tiny home in New Delhi,Bella's Roost - 1 bedroom apartment in South Delhi,"₹3,837 per night"
Apartment in New Delhi,THE VIBE- Studio apartment in Lush Green Society,"₹2,260 per night"
Apartment in Greater Kailash I,Nanami Cha Penthouse Apartment in South Delhi,"₹3,324 per night"
Flat in Bijwasan,monthly studio apartment,"₹1,426 per night"
Place to stay in Janak Puri,peaceful room janakpuri ext.,"₹1,461 per night, originally ₹1,781"
Room in Pahar Ganj,Anuraag's PurnTosh Woods,"₹2,974 per night"
Flat in New Delhi,CP  - Charm - Garden 24/7 Security,"₹5,991 per night"
Room in Greater Kailash II,Nice room for two in South Delhi,"₹2,339 per night"
Flat in Hauz Khas,The Fort View Apartment (Private apartment),"₹3,766 per night"
Room in Defence Colony,Pleasant & Peaceful Stay in New Delhi.,"₹1,998 per night"
Apartment in New Delhi,Cozy Apartment in South Delhi- Prime Location,"₹3,422 per night"
Room in Mahrauli,Spacious Bedroom with Terrace garden 2,"₹1,484 per night"
Room in Defence Colony,•Vibin Private Room & Balcony•,"₹2,171 per night"
Hut in New Delhi,Luxurious  Cottage with adjoining Swimming Pool,"₹5,313 per night"
Tiny home in Greater Kailash II,Bella's Roost - 1 bedroom apartment in South Delhi,"₹3,837 per night"
Room in Mahrauli,Pink Bliss: Cozy Retreat in Saket,"₹1,027 per night"
Flat in Hauz Khas,Harphool Nivas - Penthouse,"₹6,276 per night"
Room in Naraina,A clean and simple bedroom.,"₹1,164 per night"
Room in Greater Kailash I,One of a Kind room in Greater Kailash 1,"₹3,081 per night"
